{"train-losses": [2129.036611649915, 1579.8698742710758, 1607.8612732982908, 1598.2410339530354, 1582.9400075130955, 1641.3708921940756, 1283.2562918676688, 1304.8228813980234, 1299.8165808297842, 1197.1754605968224, 1155.7173868960842, 1214.248788259774, 1159.499388249351, 1149.104031275883, 1182.7012513606119, 1209.3413799471705, 1165.0228360676151, 1171.2403287259078, 1169.6895690305869, 1190.499332023555, 1222.1145298474155, 1225.5761419695223, 1253.8009403961094, 1249.3868239438295, 1270.6046917759586, 1373.5131779099604, 1349.3429589039274, 1356.527468268714, 1330.9754742728946, 1311.785771804416, 1308.3198266671516, 1319.1981064760923, 1311.633684305885, 1327.686383397668, 1281.086047415747, 1299.6251960470206, 1310.5070806902254, 1344.7969836041032, 1301.5999532879937, 1306.5307499139562, 1023.4409421904381, 1004.5384746212673, 1053.9078762196539, 1023.8094262065723, 1066.8637861454042, 702.8487455701418, 670.7026858616695, 687.8648446419178, 666.888405523874, 684.6067174348585, 682.674951110665], "test-losses": [873.8737182617188, 222.81370544433594, 166.08006286621094, 178.4949493408203, 140.94874572753906, 192.97149658203125, 148.1582489013672, 135.6630859375, 127.55548858642578, 126.63578033447266, 124.55650329589844, 125.6143798828125, 124.88352966308594, 122.80127716064453, 122.32142639160156, 122.27738952636719, 125.56718444824219, 121.59558868408203, 120.58978271484375, 120.8741455078125, 122.41865539550781, 128.85154724121094, 127.4128189086914, 130.86915588378906, 124.90870666503906, 121.86894226074219, 122.0720443725586, 121.1369400024414, 120.38053131103516, 120.1276626586914, 120.10022735595703, 119.66287231445312, 119.43763732910156, 119.4117202758789, 119.55747985839844, 119.4101791381836, 119.42390441894531, 119.39301300048828, 119.37322998046875, 119.34957885742188, 119.48954010009766, 119.32697296142578, 119.27943420410156, 119.29814910888672, 119.27479553222656, 119.28810119628906, 119.32373046875, 119.33275604248047, 119.3405532836914, 119.3475570678711, 119.35466766357422]}