{"train-losses": [315.01771545410156, 164.62425741372397, 155.85508528964334, 152.43204439790867, 151.29170931083834, 148.84956146175233, 149.0544539422146, 148.59963795882317, 147.1019774285622, 146.95842689294784, 145.215022463895, 147.013922653767, 147.08622889168348, 145.31579000373492, 145.53004852879923, 143.40026087248035, 143.9154378100833, 142.83695086478173, 141.9555107823576, 140.56132260729837], "test-losses": [2221.220703125, 1919.0450439453125, 1558.6016845703125, 1274.0010986328125, 1132.340087890625, 993.2803344726562, 848.4491577148438, 804.54150390625, 729.7329711914062, 711.1827392578125, 679.534912109375, 599.0130615234375, 606.830810546875, 544.72509765625, 531.3740844726562, 454.4253845214844, 451.10675048828125, 414.2086486816406, 385.4593811035156, 379.4794616699219]}